{"cameraMode":{"drawMode":0,"name":"Shaded","section":"Shading Mode"},"sceneLighting":true,"audioPlay":false,"sceneViewState":{"m_AlwaysRefresh":false,"showFog":true,"showSkybox":true,"showFlares":true,"showImageEffects":true,"showParticleSystems":true,"showVisualEffectGraphs":true,"m_FxEnabled":true},"in2DMode":false,"pivot":{"x":1194.3743896484375,"y":401.05938720703127,"z":781.6651611328125},"rotation":{"x":0.13974443078041078,"y":-0.8339737057685852,"z":0.2459641695022583,"w":0.4737440049648285},"size":0.8660253882408142,"orthographic":false}