{"cameraMode":{"drawMode":0,"name":"Shaded","section":"Shading Mode"},"sceneLighting":true,"audioPlay":false,"sceneViewState":{"m_AlwaysRefresh":false,"showFog":true,"showSkybox":true,"showFlares":true,"showImageEffects":true,"showParticleSystems":true,"showVisualEffectGraphs":true,"m_FxEnabled":true},"in2DMode":false,"pivot":{"x":0.9777315855026245,"y":2.2253215312957765,"z":1.5740419626235963},"rotation":{"x":-0.1590537577867508,"y":0.35457366704940798,"z":-0.06134399026632309,"w":-0.9193587899208069},"size":1.6654819250106812,"orthographic":false}