{"cameraMode":{"drawMode":0,"name":"Shaded","section":"Shading Mode"},"sceneLighting":true,"audioPlay":false,"sceneViewState":{"m_AlwaysRefresh":false,"showFog":true,"showSkybox":true,"showFlares":true,"showImageEffects":true,"showParticleSystems":true,"showVisualEffectGraphs":true,"m_FxEnabled":true},"in2DMode":false,"pivot":{"x":-13.039301872253418,"y":-0.8967165946960449,"z":3.1953752040863039},"rotation":{"x":-0.07556893676519394,"y":0.6441568732261658,"z":-0.06418265402317047,"w":-0.7584422826766968},"size":10.688748359680176,"orthographic":false}